[
  {
    "id": "0001",
    "name": "Trần Văn An",
    "gender": "Men",
    "email": "an@gmail.com",
    "address": "Lý Thái Tổ",
    "dateOfBirth": "22/12/1990"
  },
  {
    "id": "0002",
    "name": "Nguyễn Văn Tèo",
    "gender": "Men",
    "email": "teo@gmail.com",
    "address": "Lý Thường Kiệt",
    "dateOfBirth": "22/09/1994"
  },
  {
    "id": "0003",
    "name": "Nguyễn Thị Ngọc Hân",
    "gender": "Women",
    "email": "han@gmail.com",
    "address": "Lữ Gia",
    "dateOfBirth": "15/07/1998"
  }
]
